Resource,Field,SysPct,SysAdopted,SysTotal,OrgPct,OrgAdopted,OrgTotal
Property,AboveGradeFinishedArea,,,,34,118,344
Property,ActivationDate,,,,18,61,344
Property,AccessibilityFeatures,,,,73,251,344
Property,AboveGradeUnfinishedAreaSource,,,,0,1,344
Property,AdditionalParcelsDescription,,,,24,81,344
Property,AboveGradeFinishedAreaUnits,,,,12,42,344
Property,AboveGradeFinishedAreaSource,,,,9,30,344
Property,AboveGradeUnfinishedAreaUnits,,,,1,4,344
Property,AdditionalParcelsYN,,,,20,69,344
Property,AssociationFee,,,,82,283,344
Property,AnchorsCoTenants,,,,5,18,344
Property,AboveGradeUnfinishedArea,,,,4,13,344
Property,AccessCode,,,,9,31,344
Property,ArchitecturalStyle,,,,90,311,344
Property,Appliances,,,,89,305,344
Property,AssociationAmenities,,,,56,193,344
Property,AssociationFee2,,,,23,78,344
Property,AssociationFee2Frequency,,,,18,62,344
Property,AssociationFeeFrequency,,,,72,249,344
Property,AssociationName,,,,30,104,344
Property,AssociationPhone,,,,28,96,344
Property,AssociationName2,,,,8,26,344
Property,AssociationFeeIncludes,,,,59,202,344
Property,AttachedGarageYN,,,,79,271,344
Property,AssociationPhone2,,,,5,17,344
Property,AttributionContact,,,,37,126,344
Property,AvailabilityDate,,,,57,197,344
Property,BasementYN,,,,33,113,344
Property,Basement,,,,71,245,344
Property,BackOnMarketDate,,,,8,28,344
Property,AssociationYN,,,,78,270,344
Property,BathroomsFull,,,,94,323,344
Property,AvailableLeaseType,,,,3,9,344
Property,BathroomsHalf,,,,89,306,344
Property,BathroomsOneQuarter,,,,10,35,344
Property,BathroomsPartial,,,,8,27,344
Property,BathroomsTotalInteger,,,,93,320,344
Property,BathroomsThreeQuarter,,,,29,99,344
Property,BedroomsTotal,,,,100,344,344
Property,BelowGradeFinishedAreaSource,,,,8,27,344
Property,BedroomsPossible,,,,8,26,344
Property,BelowGradeFinishedArea,,,,44,150,344
Property,BelowGradeFinishedAreaUnits,,,,15,50,344
Property,BelowGradeUnfinishedArea,,,,6,20,344
Property,BelowGradeUnfinishedAreaSource,,,,0,1,344
Property,BelowGradeUnfinishedAreaUnits,,,,1,4,344
Property,BodyType,,,,42,144,344
Property,BuilderModel,,,,13,46,344
Property,BuilderName,,,,35,121,344
Property,BuildingAreaSource,,,,47,161,344
Property,BuildingAreaUnits,,,,40,138,344
Property,BuildingFeatures,,,,62,212,344
Property,BuildingName,,,,26,88,344
Property,BuildingAreaTotal,,,,88,304,344
Property,BusinessName,,,,45,155,344
Property,BuyerAgent,,,,,,
Property,BuyerAgentDesignation,,,,30,104,344
Property,BuyerAgentEmail,,,,81,279,344
Property,BusinessType,,,,67,232,344
Property,BuyerAgentAOR,,,,21,71,344
Property,BuyerAgentFax,,,,43,149,344
Property,BuyerAgentDirectPhone,,,,53,182,344
Property,BuyerAgentFullName,,,,81,280,344
Property,BuyerAgentFirstName,,,,81,277,344
Property,BuyerAgentHomePhone,,,,35,119,344
Property,BuyerAgentKey,,,,70,241,344
Property,BuyerAgentMiddleName,,,,58,199,344
Property,BuyerAgentLastName,,,,80,276,344
Property,BuyerAgentMobilePhone,,,,53,183,344
Property,BuyerAgentMlsId,,,,88,301,344
Property,BuyerAgentNamePrefix,,,,0,1,344
Property,BuyerAgentNameSuffix,,,,1,2,344
Property,BuyerAgentNationalAssociationId,,,,1,3,344
Property,BuyerAgentOfficePhone,,,,61,209,344
Property,BuyerAgentPreferredPhone,,,,72,247,344
Property,BuyerAgentOfficePhoneExt,,,,34,117,344
Property,BuyerAgentPager,,,,18,61,344
Property,BuyerAgentPreferredPhoneExt,,,,30,104,344
Property,BuyerAgentStateLicense,,,,54,185,344
Property,BuyerAgentTollFreePhone,,,,25,87,344
Property,BuyerAgentURL,,,,72,248,344
Property,BuyerAgentVoiceMailExt,,,,3,9,344
Property,BuyerAgentVoiceMail,,,,15,50,344
Property,BuyerBrokerageCompensation,,,,5,16,344
Property,BuyerBrokerageCompensationType,,,,3,10,344
Property,BuyerFinancing,,,,53,181,344
Property,BuyerOffice,,,,,,
Property,BuyerOfficeAOR,,,,24,81,344
Property,BuyerOfficeFax,,,,55,189,344
Property,BuyerOfficeEmail,,,,79,271,344
Property,BuyerOfficeMlsId,,,,91,314,344
Property,BuyerOfficeName,,,,90,309,344
Property,BuyerOfficePhoneExt,,,,18,63,344
Property,BuyerOfficePhone,,,,81,279,344
Property,BuyerOfficeKey,,,,84,288,344
Property,BuyerOfficeNationalAssociationId,,,,1,3,344
Property,BuyerOfficeURL,,,,72,248,344
Property,BuyerTeam,,,,,,
Property,BuyerTeamKey,,,,3,9,344
Property,BuyerTeamName,,,,6,22,344
Property,CableTvExpense,,,,4,13,344
Property,CancellationDate,,,,23,78,344
Property,CapRate,,,,32,109,344
Property,CarportSpaces,,,,48,166,344
Property,CarportYN,,,,68,234,344
Property,CarrierRoute,,,,1,3,344
Property,CityRegion,,,,7,23,344
Property,ClosePrice,,,,83,286,344
Property,City,,,,98,338,344
Property,CloseDate,,,,87,299,344
Property,CoBuyerAgent,,,,,,
Property,CoBuyerAgentAOR,,,,17,58,344
Property,CoBuyerAgentDesignation,,,,29,99,344
Property,CoBuyerAgentDirectPhone,,,,44,150,344
Property,CoBuyerAgentEmail,,,,71,244,344
Property,CoBuyerAgentFax,,,,39,133,344
Property,CoBuyerAgentFirstName,,,,69,239,344
Property,CoBuyerAgentFullName,,,,71,245,344
Property,CoBuyerAgentKey,,,,63,218,344
Property,CoBuyerAgentHomePhone,,,,24,83,344
Property,CoBuyerAgentLastName,,,,69,239,344
Property,CoBuyerAgentMlsId,,,,74,255,344
Property,CoBuyerAgentMiddleName,,,,50,171,344
Property,CoBuyerAgentMobilePhone,,,,49,169,344
Property,CoBuyerAgentNationalAssociationId,,,,0,1,344
Property,CoBuyerAgentNamePrefix,,,,0,1,344
Property,CoBuyerAgentNameSuffix,,,,1,3,344
Property,CoBuyerAgentOfficePhone,,,,53,181,344
Property,CoBuyerAgentPager,,,,11,38,344
Property,CoBuyerAgentOfficePhoneExt,,,,25,87,344
Property,CoBuyerAgentPreferredPhone,,,,63,217,344
Property,CoBuyerAgentTollFreePhone,,,,15,50,344
Property,CoBuyerAgentPreferredPhoneExt,,,,18,63,344
Property,CoBuyerAgentStateLicense,,,,51,174,344
Property,CoBuyerAgentVoiceMail,,,,11,39,344
Property,CoBuyerAgentURL,,,,60,207,344
Property,CoBuyerOffice,,,,,,
Property,CoBuyerAgentVoiceMailExt,,,,1,2,344
Property,CoBuyerOfficeEmail,,,,64,221,344
Property,CoBuyerOfficeAOR,,,,16,55,344
Property,CoBuyerOfficeFax,,,,46,158,344
Property,CoBuyerOfficeName,,,,74,253,344
Property,CoBuyerOfficeKey,,,,63,215,344
Property,CoBuyerOfficeMlsId,,,,74,255,344
Property,CoBuyerOfficePhone,,,,67,232,344
Property,CoBuyerOfficeNationalAssociationId,,,,0,1,344
Property,CoBuyerOfficePhoneExt,,,,6,20,344
Property,CoBuyerOfficeURL,,,,58,200,344
Property,CoListAgentDesignation,,,,29,101,344
Property,CoListAgentAOR,,,,24,84,344
Property,CoListAgent,,,,,,
Property,CoListAgentDirectPhone,,,,57,195,344
Property,CoListAgentEmail,,,,81,279,344
Property,CoListAgentFax,,,,46,157,344
Property,CoListAgentFirstName,,,,79,273,344
Property,CoListAgentFullName,,,,80,275,344
Property,CoListAgentHomePhone,,,,36,125,344
Property,CoListAgentKey,,,,75,257,344
Property,CoListAgentMiddleName,,,,62,212,344
Property,CoListAgentLastName,,,,79,273,344
Property,CoListAgentMlsId,,,,86,296,344
Property,CoListAgentMobilePhone,,,,58,198,344
Property,CoListAgentNamePrefix,,,,0,1,344
Property,CoListAgentNameSuffix,,,,1,3,344
Property,CoListAgentNationalAssociationId,,,,20,70,344
Property,CoListAgentOfficePhone,,,,64,221,344
Property,CoListAgentOfficePhoneExt,,,,32,109,344
Property,CoListAgentPager,,,,15,53,344
Property,CoListAgentPreferredPhone,,,,73,252,344
Property,CoListAgentTollFreePhone,,,,20,68,344
Property,CoListAgentPreferredPhoneExt,,,,24,84,344
Property,CoListAgentStateLicense,,,,58,199,344
Property,CoListAgentURL,,,,72,247,344
Property,CoListAgentVoiceMail,,,,11,38,344
Property,CoListAgentVoiceMailExt,,,,1,2,344
Property,CoListOfficeAOR,,,,27,92,344
Property,CoListOffice,,,,,,
Property,CoListOfficeEmail,,,,75,259,344
Property,CoListOfficeFax,,,,49,167,344
Property,CoListOfficeKey,,,,73,252,344
Property,CoListOfficeName,,,,85,291,344
Property,CoListOfficeMlsId,,,,86,296,344
Property,CoListOfficeNationalAssociationId,,,,1,3,344
Property,CoListOfficePhoneExt,,,,8,27,344
Property,CoListOfficePhone,,,,78,268,344
Property,CommonInterest,,,,12,41,344
Property,CoListOfficeURL,,,,69,236,344
Property,CommonWalls,,,,25,86,344
Property,CommunityFeatures,,,,63,218,344
Property,CompensationComments,,,,1,3,344
Property,CompSaleYN,,,,3,10,344
Property,Concessions,,,,39,133,344
Property,ConcessionsAmount,,,,37,127,344
Property,ConcessionsComments,,,,40,139,344
Property,ConstructionMaterials,,,,89,307,344
Property,ContinentRegion,,,,0,1,344
Property,ContingentDate,,,,36,124,344
Property,Cooling,,,,90,308,344
Property,ContractStatusChangeDate,,,,72,247,344
Property,Contingency,,,,43,147,344
Property,CopyrightNotice,,,,1,2,344
Property,CoolingYN,,,,81,279,344
Property,CountyOrParish,,,,95,326,344
Property,Country,,,,41,140,344
Property,CoveredSpaces,,,,42,143,344
Property,CropsIncludedYN,,,,8,26,344
Property,CrossStreet,,,,25,85,344
Property,CountryRegion,,,,1,4,344
Property,CultivatedArea,,,,22,76,344
Property,CumulativeDaysOnMarket,,,,60,206,344
Property,CurrentFinancing,,,,26,91,344
Property,DaysInMls,,,,,,
Property,CurrentUse,,,,63,217,344
Property,DaysOnMarket,,,,94,325,344
Property,DaysOnSite,,,,,,
Property,Directions,,,,95,326,344
Property,DirectionFaces,,,,24,81,344
Property,DevelopmentStatus,,,,28,97,344
Property,Disclaimer,,,,8,27,344
Property,Disclosures,,,,52,179,344
Property,DistanceToBusNumeric,,,,1,3,344
Property,DistanceToBusComments,,,,3,12,344
Property,DistanceToElectricComments,,,,8,27,344
Property,DistanceToBusUnits,,,,1,2,344
Property,DistanceToElectricUnits,,,,1,2,344
Property,DistanceToElectricNumeric,,,,1,2,344
Property,DistanceToFreewayComments,,,,2,8,344
Property,DistanceToFreewayNumeric,,,,2,8,344
Property,DistanceToFreewayUnits,,,,1,2,344
Property,DistanceToGasComments,,,,5,18,344
Property,DistanceToGasNumeric,,,,1,2,344
Property,DistanceToPhoneServiceNumeric,,,,0,1,344
Property,DistanceToPhoneServiceComments,,,,5,18,344
Property,DistanceToGasUnits,,,,1,2,344
Property,DistanceToPhoneServiceUnits,,,,0,1,344
Property,DistanceToPlaceofWorshipComments,,,,1,4,344
Property,DistanceToPlaceofWorshipNumeric,,,,1,2,344
Property,DistanceToSchoolBusComments,,,,1,3,344
Property,DistanceToPlaceofWorshipUnits,,,,1,2,344
Property,DistanceToSchoolBusNumeric,,,,1,2,344
Property,DistanceToSchoolBusUnits,,,,1,2,344
Property,DistanceToSchoolsComments,,,,2,7,344
Property,DistanceToSchoolsNumeric,,,,2,6,344
Property,DistanceToSchoolsUnits,,,,2,7,344
Property,DistanceToSewerComments,,,,6,21,344
Property,DistanceToSewerNumeric,,,,1,3,344
Property,DistanceToSewerUnits,,,,1,2,344
Property,DistanceToShoppingComments,,,,3,10,344
Property,DistanceToShoppingNumeric,,,,1,2,344
Property,DistanceToShoppingUnits,,,,1,2,344
Property,DistanceToStreetComments,,,,2,7,344
Property,DistanceToStreetNumeric,,,,1,4,344
Property,DistanceToWaterComments,,,,7,25,344
Property,DistanceToWaterNumeric,,,,1,4,344
Property,DistanceToStreetUnits,,,,1,2,344
Property,DistanceToWaterUnits,,,,1,2,344
Property,DocumentsAvailable,,,,72,247,344
Property,DocumentsChangeTimestamp,,,,78,270,344
Property,DocumentsCount,,,,86,296,344
Property,DocumentStatus,,,,,,
Property,DOH1,,,,8,27,344
Property,DOH3,,,,3,12,344
Property,DOH2,,,,4,14,344
Property,DoorFeatures,,,,51,176,344
Property,DualOrVariableRateCommissionYN,,,,1,4,344
Property,Electric,,,,66,226,344
Property,ElectricOnPropertyYN,,,,33,113,344
Property,ElectricExpense,,,,23,79,344
Property,ElementarySchool,,,,56,192,344
Property,Elevation,,,,8,27,344
Property,ElementarySchoolDistrict,,,,28,97,344
Property,ElevationUnits,,,,3,11,344
Property,EntryLevel,,,,24,83,344
Property,EntryLocation,,,,18,62,344
Property,Exclusions,,,,32,111,344
Property,ExpirationDate,,,,65,224,344
Property,ExistingLeaseType,,,,43,147,344
Property,ExteriorFeatures,,,,85,294,344
Property,FarmCreditServiceInclYN,,,,1,2,344
Property,FarmLandAreaSource,,,,1,2,344
Property,FarmLandAreaUnits,,,,11,39,344
Property,Fencing,,,,78,267,344
Property,FhaEligibility,,,,,,
Property,FireplaceFeatures,,,,81,277,344
Property,FireplacesTotal,,,,53,184,344
Property,FinancialDataSource,,,,12,40,344
Property,Flooring,,,,84,290,344
Property,FireplaceYN,,,,78,267,344
Property,FoundationArea,,,,4,15,344
Property,FoundationDetails,,,,78,269,344
Property,FrontageLength,,,,29,99,344
Property,FrontageType,,,,35,121,344
Property,FuelExpense,,,,17,58,344
Property,FurnitureReplacementExpense,,,,1,5,344
Property,Furnished,,,,54,185,344
Property,GarageSpaces,,,,84,290,344
Property,GarageYN,,,,82,281,344
Property,GardenerExpense,,,,5,16,344
Property,GrazingPermitsBlmYN,,,,1,5,344
Property,GrazingPermitsForestServiceYN,,,,1,2,344
Property,GreenBuildingVerification,,,,,,
Property,GrazingPermitsPrivateYN,,,,2,7,344
Property,GreenEnergyEfficient,,,,47,162,344
Property,GreenBuildingVerificationType,,,,23,79,344
Property,GreenEnergyGeneration,,,,39,134,344
Property,GreenIndoorAirQuality,,,,19,67,344
Property,GreenLocation,,,,3,11,344
Property,GreenVerificationYN,,,,1,2,344
Property,GreenSustainability,,,,13,45,344
Property,GrossIncome,,,,65,222,344
Property,GreenWaterConservation,,,,28,96,344
Property,GrossLivingAreaAnsi,,,,,,
Property,GrossScheduledIncome,,,,26,89,344
Property,HabitableResidenceYN,,,,12,40,344
Property,Heating,,,,90,311,344
Property,HeatingYN,,,,81,280,344
Property,HighSchool,,,,53,184,344
Property,HighSchoolDistrict,,,,47,161,344
Property,HomeWarrantyYN,,,,49,168,344
Property,HorseYN,,,,44,153,344
Property,HistoryTransactional,,,,,,
Property,HorseAmenities,,,,40,137,344
Property,HoursDaysOfOperation,,,,6,22,344
Property,HoursDaysOfOperationDescription,,,,5,17,344
Property,Inclusions,,,,48,164,344
Property,IncomeIncludes,,,,9,31,344
Property,InsuranceExpense,,,,44,153,344
Property,InteriorFeatures,,,,88,301,344
Property,InternetAddressDisplayYN,,,,98,337,344
Property,InternetAutomatedValuationDisplayYN,,,,90,308,344
Property,InternetConsumerCommentYN,,,,89,306,344
Property,IrrigationSource,,,,22,76,344
Property,InternetEntireListingDisplayYN,,,,96,331,344
Property,IrrigationWaterRightsAcres,,,,5,18,344
Property,IrrigationWaterRightsYN,,,,11,38,344
Property,LaborInformation,,,,4,13,344
Property,LandLeaseAmountFrequency,,,,7,24,344
Property,LandLeaseAmount,,,,17,58,344
Property,LandLeaseExpirationDate,,,,5,18,344
Property,Latitude,,,,96,330,344
Property,LandLeaseYN,,,,36,123,344
Property,LaundryFeatures,,,,75,257,344
Property,LeasableAreaUnits,,,,9,30,344
Property,LeaseAmount,,,,26,89,344
Property,LeasableArea,,,,22,75,344
Property,LeaseAmountFrequency,,,,15,51,344
Property,LeaseAssignableYN,,,,6,22,344
Property,LeaseConsideredYN,,,,33,113,344
Property,LeaseExpiration,,,,18,63,344
Property,LeaseRenewalCompensation,,,,5,18,344
Property,LeaseRenewalOptionYN,,,,14,49,344
Property,License1,,,,7,25,344
Property,LeaseTerm,,,,57,197,344
Property,Levels,,,,78,267,344
Property,License2,,,,4,14,344
Property,LicensesExpense,,,,6,22,344
Property,License3,,,,2,8,344
Property,ListAgent,,,,,,
Property,ListAgentAOR,,,,32,111,344
Property,ListAgentDesignation,,,,30,103,344
Property,ListAgentDirectPhone,,,,59,204,344
Property,ListAgentEmail,,,,89,307,344
Property,ListAgentFirstName,,,,93,320,344
Property,ListAgentFax,,,,47,163,344
Property,ListAgentFullName,,,,91,312,344
Property,ListAgentHomePhone,,,,41,142,344
Property,ListAgentKey,,,,78,269,344
Property,ListAgentLastName,,,,93,320,344
Property,ListAgentMobilePhone,,,,59,202,344
Property,ListAgentMlsId,,,,96,331,344
Property,ListAgentMiddleName,,,,65,224,344
Property,ListAgentNameSuffix,,,,1,2,344
Property,ListAgentNamePrefix,,,,0,1,344
Property,ListAgentNationalAssociationId,,,,21,71,344
Property,ListAgentOfficePhone,,,,67,229,344
Property,ListAgentPager,,,,19,67,344
Property,ListAgentOfficePhoneExt,,,,36,125,344
Property,ListAgentPreferredPhoneExt,,,,33,113,344
Property,ListAgentPreferredPhone,,,,81,278,344
Property,ListAgentTollFreePhone,,,,25,87,344
Property,ListAgentStateLicense,,,,60,207,344
Property,ListAgentURL,,,,78,270,344
Property,ListAgentVoiceMail,,,,15,52,344
Property,ListAgentVoiceMailExt,,,,2,8,344
Property,ListingAgreement,,,,69,236,344
Property,ListAOR,,,,32,110,344
Property,ListingContractDate,,,,98,336,344
Property,ListingId,,,,100,344,344
Property,ListingKey,,,,98,337,344
Property,ListingURL,,,,3,12,344
Property,ListingURLDescription,,,,,,
Property,ListingTerms,,,,78,267,344
Property,ListingService,,,,39,135,344
Property,ListOfficeAOR,,,,29,99,344
Property,ListOffice,,,,,,
Property,ListOfficeEmail,,,,84,289,344
Property,ListOfficeFax,,,,59,204,344
Property,ListOfficeMlsId,,,,97,333,344
Property,ListOfficeKey,,,,94,324,344
Property,ListOfficeName,,,,97,334,344
Property,ListOfficeNationalAssociationId,,,,1,3,344
Property,ListOfficePhoneExt,,,,18,61,344
Property,ListOfficePhone,,,,88,303,344
Property,ListOfficeURL,,,,79,273,344
Property,ListPrice,,,,100,344,344
Property,ListPriceLow,,,,14,47,344
Property,ListTeam,,,,,,
Property,ListTeamKey,,,,4,13,344
Property,ListTeamName,,,,11,38,344
Property,LivingArea,,,,78,270,344
Property,LivingAreaSource,,,,51,177,344
Property,LockBoxLocation,,,,22,74,344
Property,LivingAreaUnits,,,,39,133,344
Property,LockBoxSerialNumber,,,,24,82,344
Property,LockBoxType,,,,39,133,344
Property,Longitude,,,,96,330,344
Property,LotDimensionsSource,,,,6,22,344
Property,LotFeatures,,,,84,288,344
Property,LotSizeArea,,,,90,311,344
Property,LotSizeAcres,,,,97,333,344
Property,LotSizeSource,,,,24,82,344
Property,LotSizeDimensions,,,,82,282,344
Property,LotSizeSquareFeet,,,,88,301,344
Property,MainLevelBathrooms,,,,17,60,344
Property,LotSizeUnits,,,,88,302,344
Property,MainLevelBedrooms,,,,21,73,344
Property,MaintenanceExpense,,,,36,123,344
Property,MajorChangeTimestamp,,,,60,208,344
Property,MajorChangeType,,,,59,203,344
Property,Make,,,,17,60,344
Property,MapCoordinate,,,,7,24,344
Property,ManagerExpense,,,,15,53,344
Property,MapCoordinateSource,,,,4,15,344
Property,MapURL,,,,0,1,344
Property,MiddleOrJuniorSchool,,,,52,180,344
Property,MiddleOrJuniorSchoolDistrict,,,,25,85,344
Property,Media,,,,31,105,344
Property,MLSAreaMinor,,,,42,144,344
Property,MobileDimUnits,,,,2,6,344
Property,MLSAreaMajor,,,,76,262,344
Property,MlsStatus,,,,97,335,344
Property,MobileHomeRemainsYN,,,,3,11,344
Property,MobileLength,,,,11,39,344
Property,Model,,,,21,72,344
Property,MobileWidth,,,,11,39,344
Property,ModificationTimestamp,,,,100,344,344
Property,NewConstructionYN,,,,72,249,344
Property,NetOperatingIncome,,,,61,210,344
Property,NewTaxesExpense,,,,14,47,344
Property,NumberOfBuildings,,,,44,153,344
Property,NumberOfFullTimeEmployees,,,,10,35,344
Property,NumberOfLots,,,,21,72,344
Property,NumberOfPads,,,,4,14,344
Property,NumberOfPartTimeEmployees,,,,7,23,344
Property,NumberOfSeparateElectricMeters,,,,14,47,344
Property,NumberOfSeparateGasMeters,,,,12,41,344
Property,NumberOfSeparateWaterMeters,,,,13,44,344
Property,NumberOfUnitsInCommunity,,,,21,72,344
Property,NumberOfUnitsLeased,,,,10,33,344
Property,NumberOfUnitsMoMo,,,,3,9,344
Property,NumberOfUnitsTotal,,,,84,290,344
Property,NumberOfUnitsVacant,,,,6,21,344
Property,OccupantName,,,,25,85,344
Property,OccupantPhone,,,,12,41,344
Property,OccupantType,,,,62,213,344
Property,OffMarketDate,,,,83,284,344
Property,OnMarketDate,,,,65,222,344
Property,OffMarketTimestamp,,,,32,111,344
Property,OpenHouse,,,,,,
Property,OnMarketTimestamp,,,,8,27,344
Property,OpenHouseModificationTimestamp,,,,,,
Property,OpenParkingSpaces,,,,18,62,344
Property,OpenParkingYN,,,,40,139,344
Property,OperatingExpenseIncludes,,,,22,75,344
Property,OperatingExpense,,,,54,187,344
Property,OriginalEntryTimestamp,,,,94,324,344
Property,OriginalListPrice,,,,94,323,344
Property,OriginatingSystemID,,,,70,242,344
Property,OriginatingSystemKey,,,,90,311,344
Property,OriginatingSystem,,,,,,
Property,OriginatingSystemName,,,,95,328,344
Property,OtherEquipment,,,,71,243,344
Property,OtherParking,,,,16,55,344
Property,OtherStructures,,,,77,266,344
Property,OwnerName,,,,77,265,344
Property,OtherExpense,,,,28,97,344
Property,OwnerPhone,,,,42,146,344
Property,OwnerPays,,,,53,183,344
Property,Ownership,,,,25,86,344
Property,OwnershipType,,,,22,76,344
Property,ParcelNumber,,,,88,304,344
Property,ParkingFeatures,,,,86,296,344
Property,ParkingTotal,,,,72,249,344
Property,ParkName,,,,13,45,344
Property,ParkManagerName,,,,6,22,344
Property,ParkManagerPhone,,,,6,22,344
Property,PastureArea,,,,19,66,344
Property,PatioAndPorchFeatures,,,,76,263,344
Property,PendingTimestamp,,,,74,253,344
Property,PestControlExpense,,,,3,10,344
Property,PetsAllowed,,,,65,224,344
Property,PoolExpense,,,,1,5,344
Property,PhotosChangeTimestamp,,,,97,334,344
Property,PhotosCount,,,,99,341,344
Property,PoolFeatures,,,,79,271,344
Property,Possession,,,,74,256,344
Property,PoolPrivateYN,,,,41,141,344
Property,PossibleUse,,,,49,168,344
Property,PostalCode,,,,99,341,344
Property,PostalCity,,,,29,100,344
Property,PowerProduction,,,,,,
Property,PostalCodePlus4,,,,53,184,344
Property,PowerProductionType,,,,12,42,344
Property,PowerProductionYN,,,,0,1,344
Property,PriceChangeTimestamp,,,,90,311,344
Property,PreviousListPrice,,,,63,217,344
Property,ProfessionalManagementExpense,,,,18,63,344
Property,PrivateRemarks,,,,90,311,344
Property,PrivateOfficeRemarks,,,,20,68,344
Property,PropertyAttachedYN,,,,39,135,344
Property,PropertyCondition,,,,63,215,344
Property,PropertySubType,,,,95,327,344
Property,PropertyTimeZoneObservesDstYN,,,,,,
Property,PropertyTimeZoneName,,,,1,2,344
Property,PropertyTimeZoneStandardOffset,,,,,,
Property,PublicRemarks,,,,99,342,344
Property,PropertyType,,,,99,342,344
Property,PublicSurveyRange,,,,14,47,344
Property,PublicSurveySection,,,,18,62,344
Property,PurchaseContractDate,,,,84,290,344
Property,RangeArea,,,,3,11,344
Property,RentControlYN,,,,4,14,344
Property,RentIncludes,,,,39,133,344
Property,RoadFrontageType,,,,72,246,344
Property,RoadResponsibility,,,,36,125,344
Property,PublicSurveyTownship,,,,13,44,344
Property,RoadSurfaceType,,,,74,253,344
Property,Roof,,,,89,307,344
Property,RoomsTotal,,,,67,231,344
Property,Rooms,,,,1,3,344
Property,RoomType,,,,25,85,344
Property,RVParkingDimensions,,,,3,11,344
Property,SeatingCapacity,,,,8,27,344
Property,SecurityFeatures,,,,74,254,344
Property,SeniorCommunityYN,,,,34,117,344
Property,SerialU,,,,17,58,344
Property,Sewer,,,,87,299,344
Property,SerialX,,,,6,21,344
Property,SerialXX,,,,4,14,344
Property,ShowingAdvanceNotice,,,,10,34,344
Property,ShowingAttendedYN,,,,13,43,344
Property,ShowingConsiderations,,,,9,32,344
Property,ShowingContactPhone,,,,29,100,344
Property,ShowingContactName,,,,12,41,344
Property,ShowingContactPhoneExt,,,,2,7,344
Property,ShowingContactType,,,,14,47,344
Property,ShowingDays,,,,2,7,344
Property,ShowingEndTime,,,,1,2,344
Property,ShowingInstructions,,,,83,285,344
Property,ShowingRequirements,,,,28,98,344
Property,ShowingServiceName,,,,1,5,344
Property,ShowingStartTime,,,,1,3,344
Property,SignOnPropertyYN,,,,34,117,344
Property,SimpleDaysOnMarket,,,,0,1,344
Property,SocialMedia,,,,,,
Property,Skirt,,,,12,42,344
Property,SourceSystem,,,,,,
Property,SourceSystemID,,,,58,201,344
Property,SourceSystemKey,,,,83,286,344
Property,SourceSystemName,,,,39,135,344
Property,SpaFeatures,,,,62,212,344
Property,SpaYN,,,,53,182,344
Property,SpecialLicenses,,,,13,46,344
Property,SpecialListingConditions,,,,74,254,344
Property,StandardStatus,,,,94,325,344
Property,StartShowingDate,,,,6,22,344
Property,StateOrProvince,,,,99,339,344
Property,StateRegion,,,,1,5,344
Property,StatusChangeTimestamp,,,,68,235,344
Property,Stories,,,,71,244,344
Property,StoriesTotal,,,,35,122,344
Property,StreetAdditionalInfo,,,,23,80,344
Property,StreetDirPrefix,,,,88,303,344
Property,StreetDirSuffix,,,,50,172,344
Property,StreetName,,,,99,340,344
Property,StreetNumber,,,,99,339,344
Property,StreetNumberNumeric,,,,73,250,344
Property,StreetSuffixModifier,,,,4,15,344
Property,StreetSuffix,,,,72,246,344
Property,StructureType,,,,63,218,344
Property,SubAgencyCompensation,,,,28,98,344
Property,SubAgencyCompensationType,,,,23,78,344
Property,SubdivisionName,,,,90,309,344
Property,SuppliesExpense,,,,7,24,344
Property,SyndicateTo,,,,16,54,344
Property,TaxAnnualAmountPerLivingAreaUnit,,,,,,
Property,SyndicationRemarks,,,,11,39,344
Property,TaxAssessedValue,,,,31,105,344
Property,TaxAnnualAmountPerSquareFoot,,,,,,
Property,TaxAnnualAmount,,,,86,297,344
Property,TaxBlock,,,,28,98,344
Property,TaxLot,,,,36,123,344
Property,TaxBookNumber,,,,11,38,344
Property,TaxLegalDescription,,,,63,216,344
Property,TaxMapNumber,,,,14,49,344
Property,TaxOtherAnnualAssessmentAmount,,,,15,51,344
Property,TaxParcelLetter,,,,3,12,344
Property,TaxStatusCurrent,,,,3,10,344
Property,TaxTract,,,,8,27,344
Property,TaxYear,,,,65,224,344
Property,TenantPays,,,,63,216,344
Property,Topography,,,,55,190,344
Property,TotalActualRent,,,,36,123,344
Property,TransactionBrokerCompensationType,,,,19,64,344
Property,Township,,,,23,79,344
Property,TransactionBrokerCompensation,,,,23,78,344
Property,TrashExpense,,,,17,59,344
Property,UnitsFurnished,,,,6,21,344
Property,UnitTypeType,,,,4,14,344
Property,UnitNumber,,,,79,272,344
Property,UnitTypes,,,,0,1,344
Property,UniversalPropertyId,,,,23,78,344
Property,UniversalPropertySubId,,,,0,1,344
Property,UnparsedAddress,,,,92,316,344
Property,VacancyAllowance,,,,7,25,344
Property,Utilities,,,,88,303,344
Property,VacancyAllowanceRate,,,,17,57,344
Property,Vegetation,,,,35,119,344
Property,VideosChangeTimestamp,,,,43,148,344
Property,VideosCount,,,,44,152,344
Property,ViewYN,,,,51,175,344
Property,View,,,,63,216,344
Property,VirtualTourURLUnbranded,,,,92,316,344
Property,WaterBodyName,,,,33,114,344
Property,VirtualTourURLBranded,,,,49,169,344
Property,WalkScore,,,,3,11,344
Property,WaterfrontFeatures,,,,71,244,344
Property,WaterfrontYN,,,,72,249,344
Property,WaterSewerExpense,,,,24,81,344
Property,WaterSource,,,,86,296,344
Property,WoodedArea,,,,26,91,344
Property,WindowFeatures,,,,76,261,344
Property,WithdrawnDate,,,,66,228,344
Property,WorkmansCompensationExpense,,,,1,4,344
Property,YearBuilt,,,,99,342,344
Property,YearBuiltDetails,,,,16,54,344
Property,YearBuiltEffective,,,,18,63,344
Property,YearBuiltSource,,,,17,57,344
Property,YearEstablished,,,,16,56,344
Property,YearsCurrentOwner,,,,7,25,344
Property,Zoning,,,,63,216,344
Property,ZoningDescription,,,,59,204,344
Association,AssociationAddress2,,,,,,
Association,AssociationAddress1,,,,,,
Association,AssociationCharterDate,,,,,,
Association,AssociationCareOf,,,,,,
Association,AssociationCity,,,,,,
Association,AssociationCountry,,,,,,
Association,AssociationFax,,,,,,
Association,AssociationKey,,,,0,1,344
Association,AssociationMailAddress1,,,,,,
Association,AssociationMailAddress2,,,,,,
Association,AssociationMailCareOf,,,,,,
Association,AssociationCountyOrParish,,,,,,
Association,AssociationMailCity,,,,,,
Association,AssociationMailCountyOrParish,,,,,,
Association,AssociationMailPostalCode,,,,,,
Association,AssociationMailPostalCodePlus4,,,,,,
Association,AssociationMailCountry,,,,,,
Association,AssociationMailStateOfProvince,,,,,,
Association,AssociationMlsId,,,,,,
Association,AssociationMember,,,,,,
Association,AssociationName,,,,0,1,344
Association,AssociationNationalAssociationId,,,,,,
Association,AssociationPhone,,,,,,
Association,AssociationPostalCode,,,,,,
Association,AssociationPostalCodePlus4,,,,,,
Association,AssociationSocialMedia,,,,,,
Association,AssociationStateOrProvince,,,,,,
Association,AssociationStatus,,,,,,
Association,AssociationType,,,,,,
Association,ExecutiveOfficerMemberMlsId,,,,,,
Association,ExecutiveOfficerMemberKey,,,,,,
Association,HistoryTransactional,,,,,,
Association,MultipleListingServiceId,,,,,,
Association,OriginalEntryTimestamp,,,,0,1,344
Association,OriginatingSystem,,,,,,
Association,ModificationTimestamp,,,,0,1,344
Association,OriginatingSystemId,,,,0,1,344
Association,OriginatingSystemAssociationKey,,,,0,1,344
Association,OriginatingSystemName,,,,0,1,344
Association,SocialMediaType,,,,,,
Association,SocialMediaUrlOrId,,,,,,
Association,SourceSystem,,,,,,
Association,SourceSystemAssociationKey,,,,0,1,344
Association,SourceSystemId,,,,,,
Association,SourceSystemName,,,,,,
Caravan,CancellationPolicyUrl,,,,,,
Caravan,CaravanAllowedClassNames,,,,,,
Caravan,CaravanAllowedStatuses,,,,,,
Caravan,CaravanBlackoutDates,,,,,,
Caravan,CaravanDate,,,,,,
Caravan,CaravanAreaDescription,,,,,,
Caravan,CaravanDaysRecurring,,,,,,
Caravan,CaravanEndTime,,,,,,
Caravan,CaravanInputDeadlineDescription,,,,,,
Caravan,CaravanInputDeadlineTimestamp,,,,,,
Caravan,CaravanKey,,,,,,
Caravan,CaravanName,,,,,,
Caravan,CaravanOrganizerContactInfo,,,,,,
Caravan,CaravanOrganizerKey,,,,,,
Caravan,CaravanOrganizerMlsId,,,,,,
Caravan,CaravanOrganizerName,,,,,,
Caravan,CaravanOrganizerResourceName,,,,,,
Caravan,CaravanPolicyUrl,,,,,,
Caravan,CaravanStartLocationRefreshments,,,,,,
Caravan,CaravanStartLocation,,,,,,
Caravan,CaravanRemarks,,,,,,
Caravan,CaravanStartLocationGiveaways,,,,,,
Caravan,CaravanStartTime,,,,,,
Caravan,CaravanStatus,,,,,,
Caravan,CaravanType,,,,,,
Caravan,ModificationTimestamp,,,,,,
Caravan,OriginatingSystemName,,,,,,
Caravan,OriginatingSystemId,,,,,,
Caravan,OriginalEntryTimestamp,,,,,,
Caravan,OriginatingSystemKey,,,,,,
Caravan,SourceSystemId,,,,,,
Caravan,SourceSystemKey,,,,,,
Caravan,SourceSystemName,,,,,,
CaravanStop,CaravanKey,,,,,,
CaravanStop,CaravanStopKey,,,,,,
CaravanStop,OriginatingSystemKey,,,,,,
CaravanStop,OriginatingSystemId,,,,,,
CaravanStop,SourceSystemKey,,,,,,
CaravanStop,SourceSystemId,,,,,,
CaravanStop,OriginatingSystemName,,,,,,
CaravanStop,SourceSystemName,,,,,,
CaravanStop,StopClassName,,,,,,
CaravanStop,OriginalEntryTimestamp,,,,,,
CaravanStop,StopAttendedBy,,,,,,
CaravanStop,ModificationTimestamp,,,,,,
CaravanStop,StopDate,,,,,,
CaravanStop,StopEndTime,,,,,,
CaravanStop,StopId,,,,,,
CaravanStop,StopKey,,,,,,
CaravanStop,StopOrder,,,,,,
CaravanStop,StopRefreshments,,,,,,
CaravanStop,StopRemarks,,,,,,
CaravanStop,StopResourceName,,,,,,
CaravanStop,StopShowingAgentFirstName,,,,,,
CaravanStop,StopShowingAgentLastName,,,,,,
CaravanStop,StopStartTime,,,,,,
CaravanStop,StopShowingAgentMlsId,,,,,,
ContactListingNotes,Contact,,,,,,
ContactListingNotes,ContactListingNotesKey,,,,,,
ContactListingNotes,ContactKey,,,,,,
ContactListingNotes,HistoryTransactional,,,,,,
CaravanStop,StopShowingAgentKey,,,,,,
ContactListingNotes,ListingId,,,,,,
ContactListingNotes,Listing,,,,,,
ContactListingNotes,ListingKey,,,,,,
ContactListingNotes,NoteContents,,,,,,
ContactListingNotes,ModificationTimestamp,,,,,,
ContactListingNotes,NotedBy,,,,,,
ContactListings,AgentNotesUnreadYN,,,,,,
ContactListings,ContactListingPreference,,,,,,
ContactListings,ClassName,,,,,,
ContactListings,Contact,,,,,,
ContactListings,ContactKey,,,,,,
ContactListings,ContactListingsKey,,,,,,
ContactListings,ContactLoginId,,,,,,
ContactListings,ContactNotesUnreadYN,,,,,,
ContactListings,DirectEmailYN,,,,,,
ContactListings,LastAgentNoteTimestamp,,,,,,
ContactListings,HistoryTransactional,,,,,,
ContactListings,LastContactNoteTimestamp,,,,,,
ContactListings,Listing,,,,,,
ContactListings,ListingId,,,,,,
ContactListings,ListingKey,,,,,,
ContactListings,ListingModificationTimestamp,,,,,,
ContactListings,ListingNotes,,,,,,
ContactListings,ListingSentTimestamp,,,,,,
ContactListings,ModificationTimestamp,,,,,,
ContactListings,PortalLastVisitedTimestamp,,,,,,
ContactListings,ListingViewedYN,,,,,,
ContactListings,ResourceName,,,,,,
Contacts,AssistantEmail,,,,,,
Contacts,Anniversary,,,,,,
Contacts,AssistantName,,,,,,
Contacts,AssistantPhone,,,,,,
Contacts,AssistantPhoneExt,,,,,,
Contacts,Birthdate,,,,,,
Contacts,Company,,,,,,
Contacts,Children,,,,,,
Contacts,BusinessFax,,,,,,
Contacts,ContactKey,,,,0,1,344
Contacts,ContactLoginId,,,,,,
Contacts,ContactsSocialMedia,,,,,,
Contacts,ContactsOtherPhone,,,,,,
Contacts,ContactPassword,,,,,,
Contacts,Department,,,,,,
Contacts,ContactStatus,,,,,,
Contacts,ContactType,,,,,,
Contacts,Email,,,,,,
Contacts,Email2,,,,,,
Contacts,FirstName,,,,,,
Contacts,DirectPhone,,,,,,
Contacts,FullName,,,,,,
Contacts,Email3,,,,,,
Contacts,HistoryTransactional,,,,,,
Contacts,HomeAddress1,,,,,,
Contacts,HomeAddress2,,,,,,
Contacts,HomeCarrierRoute,,,,,,
Contacts,HomeCity,,,,,,
Contacts,HomeCountyOrParish,,,,,,
Contacts,HomePhone,,,,,,
Contacts,HomeFax,,,,,,
Contacts,HomeCountry,,,,,,
Contacts,HomePostalCodePlus4,,,,,,
Contacts,JobTitle,,,,,,
Contacts,HomeStateOrProvince,,,,,,
Contacts,Language,,,,,,
Contacts,HomePostalCode,,,,,,
Contacts,LastName,,,,,,
Contacts,LeadSource,,,,,,
Contacts,Media,,,,,,
Contacts,MiddleName,,,,,,
Contacts,MobilePhone,,,,,,
Contacts,ModificationTimestamp,,,,0,1,344
Contacts,NameSuffix,,,,,,
Contacts,Nickname,,,,,,
Contacts,NamePrefix,,,,,,
Contacts,Notes,,,,,,
Contacts,OfficePhone,,,,,,
Contacts,OriginatingSystem,,,,,,
Contacts,OriginalEntryTimestamp,,,,,,
Contacts,OfficePhoneExt,,,,,,
Contacts,OriginatingSystemContactKey,,,,,,
Contacts,OtherAddress1,,,,,,
Contacts,OriginatingSystemID,,,,,,
Contacts,OtherCarrierRoute,,,,,,
Contacts,OriginatingSystemName,,,,,,
Contacts,OtherAddress2,,,,,,
Contacts,OtherCity,,,,,,
Contacts,OtherCountyOrParish,,,,,,
Contacts,OtherPhoneType,,,,,,
Contacts,OtherCountry,,,,,,
Contacts,OtherPostalCode,,,,,,
Contacts,OtherPostalCodePlus4,,,,,,
Contacts,OtherStateOrProvince,,,,,,
Contacts,OwnerMember,,,,,,
Contacts,OwnerMemberKey,,,,,,
Contacts,PhoneTTYTDD,,,,,,
Contacts,OwnerMemberID,,,,,,
Contacts,PreferredAddress,,,,,,
Contacts,Pager,,,,,,
Contacts,PreferredPhone,,,,,,
Contacts,ReferredBy,,,,,,
Contacts,ReverseProspectingEnabledYN,,,,,,
Contacts,SocialMediaType,,,,,,
Contacts,SourceSystem,,,,,,
Contacts,SourceSystemID,,,,,,
Contacts,SourceSystemContactKey,,,,,,
Contacts,SourceSystemName,,,,,,
Contacts,TollFreePhone,,,,,,
Contacts,SpousePartnerName,,,,,,
Contacts,VoiceMail,,,,,,
Contacts,VoiceMailExt,,,,,,
Contacts,WorkAddress1,,,,,,
Contacts,WorkCarrierRoute,,,,,,
Contacts,WorkAddress2,,,,,,
Contacts,WorkCity,,,,,,
Contacts,WorkCountyOrParish,,,,,,
Contacts,WorkCountry,,,,,,
Contacts,WorkPostalCode,,,,,,
Contacts,WorkPostalCodePlus4,,,,,,
Contacts,WorkStateOrProvince,,,,,,
EntityEvent,ResourceName,,,,0,1,344
EntityEvent,EntityEventSequence,,,,0,1,344
EntityEvent,ResourceRecordKey,,,,0,1,344
EntityEvent,ResourceRecordUrl,,,,,,
Field,FieldName,,,,2,8,344
Field,FieldKey,,,,2,8,344
Field,ModificationTimestamp,,,,2,8,344
Field,ResourceName,,,,2,7,344
HistoryTransactional,ChangedByMemberID,,,,1,2,344
HistoryTransactional,ChangedByMember,,,,,,
HistoryTransactional,ChangedByMemberKey,,,,11,38,344
HistoryTransactional,ChangeType,,,,12,40,344
HistoryTransactional,EntityEventSequence,,,,10,36,344
HistoryTransactional,ClassName,,,,,,
HistoryTransactional,FieldKey,,,,0,1,344
HistoryTransactional,FieldName,,,,12,40,344
HistoryTransactional,HistoryTransactionalKey,,,,12,40,344
HistoryTransactional,ModificationTimestamp,,,,12,41,344
HistoryTransactional,NewValue,,,,12,40,344
HistoryTransactional,OriginatingSystemName,,,,1,4,344
HistoryTransactional,OriginatingSystem,,,,,,
HistoryTransactional,OriginatingSystemID,,,,1,2,344
HistoryTransactional,OriginatingSystemHistoryKey,,,,1,2,344
HistoryTransactional,PreviousValue,,,,12,40,344
HistoryTransactional,ResourceName,,,,11,39,344
HistoryTransactional,ResourceRecordID,,,,1,2,344
HistoryTransactional,ResourceRecordKey,,,,12,40,344
HistoryTransactional,SourceSystemHistoryKey,,,,0,1,344
HistoryTransactional,SourceSystemID,,,,0,1,344
HistoryTransactional,SourceSystemName,,,,1,2,344
HistoryTransactional,SourceSystem,,,,,,
InternetTracking,ActorCity,,,,,,
InternetTracking,ActorEmail,,,,,,
InternetTracking,ActorID,,,,,,
InternetTracking,ActorKey,,,,,,
InternetTracking,ActorIP,,,,,,
InternetTracking,ActorLongitude,,,,,,
InternetTracking,ActorLatitude,,,,,,
InternetTracking,ActorOriginatingSystemName,,,,,,
InternetTracking,ActorOriginatingSystem,,,,,,
InternetTracking,ActorPhone,,,,,,
InternetTracking,ActorOriginatingSystemID,,,,,,
InternetTracking,ActorPhoneExt,,,,,,
InternetTracking,ActorPostalCode,,,,,,
InternetTracking,ActorSourceSystem,,,,,,
InternetTracking,ActorPostalCodePlus4,,,,,,
InternetTracking,ActorRegion,,,,,,
InternetTracking,ActorSourceSystemID,,,,,,
InternetTracking,ActorStateOrProvince,,,,,,
InternetTracking,ActorSourceSystemName,,,,,,
InternetTracking,ActorType,,,,,,
InternetTracking,ColorDepth,,,,,,
InternetTracking,DeviceType,,,,,,
InternetTracking,EventDescription,,,,,,
InternetTracking,EventKey,,,,,,
InternetTracking,EventLabel,,,,,,
InternetTracking,EventOriginatingSystemID,,,,,,
InternetTracking,EventOriginatingSystem,,,,,,
InternetTracking,EventOriginatingSystemName,,,,,,
InternetTracking,EventSourceSystemID,,,,,,
InternetTracking,EventSource,,,,,,
InternetTracking,EventReportedTimestamp,,,,,,
InternetTracking,EventSourceSystem,,,,,,
InternetTracking,EventSourceSystemName,,,,,,
InternetTracking,EventTarget,,,,,,
InternetTracking,EventTimestamp,,,,,,
InternetTracking,EventType,,,,,,
InternetTracking,ObjectID,,,,,,
InternetTracking,ObjectOriginatingSystemID,,,,,,
InternetTracking,ObjectKey,,,,,,
InternetTracking,ObjectIdType,,,,,,
InternetTracking,ObjectOriginatingSystem,,,,,,
InternetTracking,ObjectOriginatingSystemName,,,,,,
InternetTracking,ObjectSourceSystem,,,,,,
InternetTracking,ObjectSourceSystemID,,,,,,
InternetTracking,ObjectURL,,,,,,
InternetTracking,ObjectSourceSystemName,,,,,,
InternetTracking,ObjectType,,,,,,
InternetTracking,OriginatingSystemActorKey,,,,,,
InternetTracking,OriginatingSystemEventKey,,,,,,
InternetTracking,OriginatingSystemObjectKey,,,,,,
InternetTracking,ReferringURL,,,,,,
InternetTracking,ScreenHeight,,,,,,
InternetTracking,ScreenWidth,,,,,,
InternetTracking,SourceSystemEventKey,,,,,,
InternetTracking,SourceSystemObjectKey,,,,,,
InternetTracking,SourceSystemActorKey,,,,,,
InternetTracking,TimeZoneOffset,,,,,,
InternetTracking,SessionID,,,,,,
InternetTracking,UserAgent,,,,,,
InternetTrackingSummary,EndTimestamp,,,,,,
InternetTrackingSummary,InternetTrackingSummaryKey,,,,,,
InternetTrackingSummary,ModificationTimestamp,,,,,,
InternetTrackingSummary,MobileLogins,,,,,,
InternetTrackingSummary,ListingId,,,,,,
InternetTrackingSummary,OriginatingSystemName,,,,,,
InternetTrackingSummary,ResponseType,,,,,,
InternetTrackingSummary,StartTimestamp,,,,,,
InternetTrackingSummary,CmaEmailedCount,,,,,,
InternetTrackingSummary,CmaCreatedCount,,,,,,
InternetTrackingSummary,CmaRanCount,,,,,,
InternetTrackingSummary,ImpressionCount,,,,,,
InternetTrackingSummary,CmaSharedCount,,,,,,
InternetTrackingSummary,InquiryCount,,,,,,
InternetTrackingSummary,ListingsEmailedCount,,,,,,
InternetTrackingSummary,MobileAppImpressionCount,,,,,,
InternetTrackingSummary,FavoritedCount,,,,,,
InternetTrackingSummary,SharedCount,,,,,,
InternetTrackingSummary,ViewCount,,,,,,
InternetTrackingSummary,TotalLogins,,,,,,
InternetTrackingSummary,MobileAppViewCount,,,,,,
InternetTrackingSummary,ShowingCompletedCount,,,,,,
InternetTrackingSummary,TrackingDate,,,,,,
InternetTrackingSummary,TrackingType,,,,,,
InternetTrackingSummary,ShowingRequestedCount,,,,,,
InternetTrackingSummary,TrackingValues,,,,,,
InternetTrackingSummary,UniqueLogins,,,,,,
LockOrBox,HistoryTransactional,,,,,,
LockOrBox,ListAgentFullName,,,,,,
LockOrBox,ListingAddress1,,,,,,
LockOrBox,ListingAddress2,,,,,,
LockOrBox,KeyOrCredentialId,,,,,,
LockOrBox,ListingCity,,,,,,
LockOrBox,ListingId,,,,,,
LockOrBox,ListingKey,,,,,,
LockOrBox,ListingCountry,,,,,,
LockOrBox,ListingLatitude,,,,,,
LockOrBox,ListingLongitude,,,,,,
LockOrBox,ListingPostalCode,,,,,,
LockOrBox,ListingPostalCodePlus4,,,,,,
LockOrBox,ListingStateOrProvince,,,,,,
LockOrBox,ListingTimeZone,,,,,,
LockOrBox,LockOrBoxAccessTimestamp,,,,,,
LockOrBox,LockOrBoxAccessType,,,,,,
LockOrBox,LockOrBoxId,,,,,,
LockOrBox,LockOrBoxInstalledTimestamp,,,,,,
LockOrBox,LockOrBoxOriginatingSystemKey,,,,,,
LockOrBox,LockOrBoxKey,,,,,,
LockOrBox,LockOrBoxOriginatingSystemId,,,,,,
LockOrBox,LockOrBoxSourceSystemKey,,,,,,
LockOrBox,LockOrBoxSourceSystemName,,,,,,
LockOrBox,LockOrBoxOriginatingSystemName,,,,,,
LockOrBox,LockOrBoxSourceSystemId,,,,,,
LockOrBox,ModificationTimestamp,,,,,,
LockOrBox,Notes,,,,,,
LockOrBox,OriginatingSystem,,,,,,
LockOrBox,ShowingAgent,,,,,,
LockOrBox,ShowingAgentAOR,,,,,,
LockOrBox,ShowingAgentFirstName,,,,,,
LockOrBox,ShowingAgentEmail,,,,,,
LockOrBox,ShowingAgentFullName,,,,,,
LockOrBox,ShowingAgentId,,,,,,
LockOrBox,ShowingAgentMlsId,,,,,,
LockOrBox,ShowingAgentPhone,,,,,,
LockOrBox,ShowingAgentLastName,,,,,,
LockOrBox,ShowingOfficeId,,,,,,
LockOrBox,ShowingOffice,,,,,,
LockOrBox,ShowingAgentPhoneExt,,,,,,
LockOrBox,ShowingOfficeName,,,,,,
LockOrBox,ShowingOfficePhone,,,,,,
LockOrBox,SourceSystem,,,,,,
Lookup,LegacyODataValue,,,,37,127,344
Lookup,LookupKey,,,,48,166,344
Lookup,LookupValue,,,,48,166,344
Lookup,LookupName,,,,48,166,344
Lookup,ModificationTimestamp,,,,48,166,344
Lookup,StandardLookupValue,,,,48,164,344
Media,ChangedByMember,,,,,,
Media,ChangedByMemberKey,,,,0,1,344
Media,ChangedByMemberID,,,,0,1,344
Media,ClassName,,,,8,26,344
Media,HistoryTransactional,,,,,,
Media,ImageOf,,,,13,44,344
Media,ImageHeight,,,,14,49,344
Media,ImageWidth,,,,14,49,344
Media,ImageSizeDescription,,,,10,36,344
Media,LongDescription,,,,48,164,344
Media,MediaAlteration,,,,1,5,344
Media,MediaObjectID,,,,24,83,344
Media,MediaKey,,,,48,165,344
Media,MediaModificationTimestamp,,,,33,114,344
Media,MediaCategory,,,,30,102,344
Media,MediaURL,,,,51,175,344
Media,MediaStatus,,,,7,23,344
Media,MediaType,,,,32,111,344
Media,MediaHTML,,,,0,1,344
Media,ModificationTimestamp,,,,34,118,344
Media,Order,,,,51,174,344
Media,OriginatingSystem,,,,,,
Media,OriginatingSystemID,,,,8,29,344
Media,OriginatingSystemMediaKey,,,,37,127,344
Media,OriginatingSystemName,,,,30,102,344
Media,OriginatingSystemResourceRecordId,,,,1,5,344
Media,OriginatingSystemResourceRecordKey,,,,23,78,344
Media,OriginatingSystemResourceRecordSystemId,,,,,,
Media,Permission,,,,25,87,344
Media,PreferredPhotoYN,,,,15,50,344
Media,ResourceName,,,,26,89,344
Media,ResourceRecordID,,,,43,147,344
Media,ResourceRecordKey,,,,50,172,344
Media,SourceSystem,,,,,,
Media,ShortDescription,,,,37,128,344
Media,SourceSystemID,,,,23,80,344
Media,SourceSystemMediaKey,,,,7,23,344
Media,SourceSystemName,,,,1,2,344
Media,SourceSystemResourceRecordId,,,,,,
Media,SourceSystemResourceRecordKey,,,,,,
Media,SourceSystemResourceRecordSystemId,,,,,,
Member,HistoryTransactional,,,,,,
Member,JobTitle,,,,5,18,344
Member,LastLoginTimestamp,,,,2,8,344
Member,Media,,,,8,26,344
Member,MemberAlternateId,,,,3,9,344
Member,MemberAddress2,,,,83,285,344
Member,MemberAddress1,,,,91,313,344
Member,MemberAORMlsId,,,,14,49,344
Member,MemberAORkey,,,,13,44,344
Member,MemberAOR,,,,31,108,344
Member,MemberAssociationComments,,,,11,38,344
Member,MemberCarrierRoute,,,,3,10,344
Member,MemberBillingPreference,,,,,,
Member,MemberBio,,,,11,39,344
Member,MemberCommitteeCount,,,,,,
Member,MemberCity,,,,94,325,344
Member,MemberCountyOrParish,,,,5,17,344
Member,MemberDesignation,,,,49,169,344
Member,MemberCountry,,,,31,108,344
Member,MemberDirectPhone,,,,33,113,344
Member,MemberEmail,,,,98,337,344
Member,MemberFax,,,,72,248,344
Member,MemberFirstName,,,,99,339,344
Member,MemberFullName,,,,92,317,344
Member,MemberIsAssistantTo,,,,3,10,344
Member,MemberHomePhone,,,,52,179,344
Member,MemberKey,,,,97,333,344
Member,MemberLanguages,,,,46,157,344
Member,MemberLoginId,,,,56,193,344
Member,MemberMailOptOutYN,,,,,,
Member,MemberLastName,,,,98,338,344
Member,MemberMiddleName,,,,77,264,344
Member,MemberMlsAccessYN,,,,21,71,344
Member,MemberMlsId,,,,96,331,344
Member,MemberMlsSecurityClass,,,,47,160,344
Member,MemberMobilePhone,,,,88,303,344
Member,MemberNameSuffix,,,,20,69,344
Member,MemberNamePrefix,,,,15,52,344
Member,MemberNationalAssociationEntryDate,,,,1,3,344
Member,MemberNationalAssociationId,,,,91,313,344
Member,MemberNickname,,,,21,73,344
Member,MemberOfficePhone,,,,68,234,344
Member,MemberOfficePhoneExt,,,,45,156,344
Member,MemberOtherPhone,,,,0,1,344
Member,MemberOtherPhoneType,,,,1,2,344
Member,MemberPassword,,,,2,6,344
Member,MemberPager,,,,24,81,344
Member,MemberPhoneTTYTDD,,,,,,
Member,MemberPostalCode,,,,94,325,344
Member,MemberPostalCodePlus4,,,,43,149,344
Member,MemberPreferredMail,,,,,,
Member,MemberPreferredPhone,,,,85,293,344
Member,MemberPreferredMedia,,,,,,
Member,MemberPreferredPhoneExt,,,,38,130,344
Member,MemberPrimaryAorId,,,,1,4,344
Member,MemberSocialMedia,,,,,,
Member,MemberPreferredPublication,,,,,,
Member,MemberStateLicenseExpirationDate,,,,0,1,344
Member,MemberStateLicense,,,,92,316,344
Member,MemberStateLicenseState,,,,16,54,344
Member,MemberStateOrProvince,,,,95,326,344
Member,MemberStatus,,,,93,319,344
Member,MemberStateLicenseType,,,,3,9,344
Member,MemberTransferDate,,,,3,11,344
Member,MemberTollFreePhone,,,,24,84,344
Member,MemberVoiceMail,,,,3,11,344
Member,MemberType,,,,88,301,344
Member,MemberVoiceMailExt,,,,1,4,344
Member,MemberVotingPrecinct,,,,,,
Member,ModificationTimestamp,,,,98,338,344
Member,Office,,,,,,
Member,OfficeKey,,,,76,262,344
Member,OfficeMlsId,,,,94,323,344
Member,OriginalEntryTimestamp,,,,74,256,344
Member,OfficeNationalAssociationId,,,,1,3,344
Member,OfficeName,,,,73,250,344
Member,OriginatingSystemMemberKey,,,,87,300,344
Member,OriginatingSystem,,,,,,
Member,OriginatingSystemID,,,,72,247,344
Member,OriginatingSystemName,,,,92,318,344
Member,SocialMediaType,,,,2,7,344
Member,SourceSystem,,,,,,
Member,SourceSystemID,,,,58,201,344
Member,SourceSystemMemberKey,,,,57,196,344
Member,SourceSystemName,,,,40,136,344
Member,SyndicateTo,,,,2,6,344
Member,UniqueLicenseeIdentifier,,,,,,
MemberAssociation,AssociationKey,,,,,,
MemberAssociation,Association,,,,,,
MemberAssociation,AssociationMlsId,,,,,,
MemberAssociation,AssociationNationalAssociationId,,,,,,
MemberAssociation,AssociationStaffYN,,,,,,
MemberAssociation,HistoryTransactional,,,,,,
MemberAssociation,Member,,,,,,
MemberAssociation,MemberAssociationBillStatus,,,,,,
MemberAssociation,MemberAssociationDuesPaidDate,,,,,,
MemberAssociation,MemberAssociationBillStatusDescription,,,,,,
MemberAssociation,MemberAssociationJoinDate,,,,,,
MemberAssociation,MemberAssociationOrientationDate,,,,,,
MemberAssociation,MemberAssociationModificationDateTime,,,,,,
MemberAssociation,MemberAssociationPrimaryIndicator,,,,,,
MemberAssociation,MemberAssociationStatusDate,,,,0,1,344
MemberAssociation,MemberAssociationStatus,,,,0,1,344
MemberAssociation,OriginalEntryTimestamp,,,,,,
MemberAssociation,MemberNationalDuesWaivedYN,,,,,,
MemberAssociation,MemberMlsId,,,,5,17,344
MemberAssociation,MemberLocalDuesWaivedYN,,,,,,
MemberAssociation,MemberStatelDuesWaivedYN,,,,,,
MemberAssociation,MemberKey,,,,6,19,344
MemberAssociation,ModificationTimestamp,,,,5,18,344
MemberAssociation,OriginatingSystem,,,,,,
MemberAssociation,OriginatingSystemId,,,,,,
MemberAssociation,OriginatingSystemMemberKey,,,,1,2,344
MemberAssociation,OriginatingSystemName,,,,,,
MemberAssociation,SourceSystemId,,,,,,
MemberAssociation,SourceSystem,,,,,,
MemberAssociation,SourceSystemMemberKey,,,,,,
MemberAssociation,SourceSystemName,,,,,,
MemberStateLicense,HistoryTransactional,,,,,,
MemberStateLicense,Member,,,,,,
MemberStateLicense,MemberMlsId,,,,,,
MemberStateLicense,MemberKey,,,,,,
MemberStateLicense,MemberStateLicenseState,,,,,,
MemberStateLicense,MemberStateLicenseExpirationDate,,,,,,
MemberStateLicense,MemberStateLicense,,,,,,
MemberStateLicense,MemberStateLicenseKey,,,,,,
MemberStateLicense,MemberStateLicenseType,,,,,,
MemberStateLicense,ModificationTimestamp,,,,,,
Office,BillingOfficeKey,,,,0,1,344
Office,HistoryTransactional,,,,,,
Office,FranchiseAffiliation,,,,5,17,344
Office,FranchiseNationalAssociationId,,,,1,3,344
Office,IDXOfficeParticipationYN,,,,70,240,344
Office,MainOffice,,,,0,1,344
Office,MainOfficeKey,,,,71,245,344
Office,MainOfficeMlsId,,,,70,242,344
Office,Media,,,,,,
Office,NumberOfBranches,,,,6,21,344
Office,NumberOfNonMemberSalespersons,,,,,,
Office,OfficeAlternateId,,,,1,2,344
Office,ModificationTimestamp,,,,99,342,344
Office,OfficeAddress1,,,,98,338,344
Office,OfficeAddress2,,,,85,291,344
Office,OfficeAOR,,,,30,104,344
Office,OfficeAORkey,,,,13,44,344
Office,OfficeAORMlsId,,,,13,46,344
Office,OfficeAssociationComments,,,,6,22,344
Office,OfficeBio,,,,7,25,344
Office,OfficeBranchType,,,,11,37,344
Office,OfficeBroker,,,,,,
Office,OfficeBrokerKey,,,,65,224,344
Office,OfficeBrokerMlsId,,,,64,219,344
Office,OfficeBrokerNationalAssociationId,,,,,,
Office,OfficeCity,,,,98,338,344
Office,OfficeCorporateLicense,,,,72,248,344
Office,OfficeEmail,,,,98,337,344
Office,OfficeCountyOrParish,,,,8,29,344
Office,OfficeCountry,,,,3,11,344
Office,OfficeFax,,,,92,317,344
Office,OfficeMailAddress1,,,,17,59,344
Office,OfficeKey,,,,99,340,344
Office,OfficeMailCareOf,,,,11,37,344
Office,OfficeMailCity,,,,17,60,344
Office,OfficeMailAddress2,,,,6,20,344
Office,OfficeMailCountyOrParish,,,,1,5,344
Office,OfficeMailPostalCode,,,,17,57,344
Office,OfficeMailCountry,,,,1,2,344
Office,OfficeMailPostalCodePlus4,,,,12,41,344
Office,OfficeMailStateOrProvince,,,,17,59,344
Office,OfficeManager,,,,,,
Office,OfficeManagerKey,,,,14,49,344
Office,OfficeManagerMlsId,,,,17,57,344
Office,OfficeNationalAssociationId,,,,81,279,344
Office,OfficeName,,,,100,343,344
Office,OfficeMlsId,,,,97,333,344
Office,OfficeNationalAssociationIdInsertDate,,,,,,
Office,OfficePhone,,,,98,336,344
Office,OfficePhoneExt,,,,29,101,344
Office,OfficePostalCodePlus4,,,,43,149,344
Office,OfficePostalCode,,,,98,337,344
Office,OfficePreferredMedia,,,,0,1,344
Office,OfficePrimaryAorId,,,,,,
Office,OfficePrimaryStateOrProvince,,,,0,1,344
Office,OfficeSocialMedia,,,,,,
Office,OfficeStatus,,,,88,304,344
Office,OfficeStateOrProvince,,,,98,336,344
Office,OfficeType,,,,76,262,344
Office,OriginatingSystemID,,,,70,240,344
Office,OriginalEntryTimestamp,,,,73,251,344
Office,OriginatingSystem,,,,,,
Office,OtherPhone,,,,5,17,344
Office,OriginatingSystemOfficeKey,,,,89,305,344
Office,OriginatingSystemName,,,,93,320,344
Office,SocialMediaType,,,,1,4,344
Office,SourceSystem,,,,,,
Office,SourceSystemID,,,,59,202,344
Office,SourceSystemOfficeKey,,,,58,198,344
Office,SyndicateAgentOption,,,,1,2,344
Office,VirtualOfficeWebsiteYN,,,,,,
Office,SyndicateTo,,,,10,33,344
Office,SourceSystemName,,,,40,138,344
OfficeAssociation,Association,,,,,,
OfficeAssociation,AssociationNationalAssociationId,,,,,,
OfficeAssociation,AssociationMlsId,,,,,,
OfficeAssociation,AssociationKey,,,,,,
OfficeAssociation,HistoryTransactional,,,,,,
OfficeAssociation,BillStatus,,,,5,18,344
OfficeAssociation,ModificationTimestamp,,,,5,18,344
OfficeAssociation,JoinDate,,,,5,18,344
OfficeAssociation,OfficeAssociationPrimaryIndicator,,,,,,
OfficeAssociation,Office,,,,,,
OfficeAssociation,OfficeAssociationStatus,,,,,,
OfficeAssociation,OfficeAssociationStatusDate,,,,0,1,344
OfficeAssociation,OfficeKey,,,,6,19,344
OfficeAssociation,OfficeMlsId,,,,0,1,344
OfficeAssociation,OriginalEntryTimestamp,,,,,,
OfficeAssociation,OriginatingSystem,,,,,,
OfficeAssociation,OriginatingSystemId,,,,,,
OfficeAssociation,OriginatingSystemMemberKey,,,,,,
OfficeAssociation,OriginatingSystemName,,,,,,
OfficeAssociation,SourceSystem,,,,,,
OfficeAssociation,SourceSystemId,,,,,,
OfficeAssociation,SourceSystemMemberKey,,,,,,
OfficeAssociation,SourceSystemName,,,,,,
OfficeCorporateLicense,HistoryTransactional,,,,,,
OfficeCorporateLicense,OfficeCorporateLicense,,,,,,
OfficeCorporateLicense,ModificationTimestamp,,,,,,
OfficeCorporateLicense,Office,,,,,,
OfficeCorporateLicense,OfficeCorporateLicenseExpirationDate,,,,,,
OfficeCorporateLicense,OfficeCorporateLicenseKey,,,,,,
OfficeCorporateLicense,OfficeCorporateLicenseState,,,,,,
OfficeCorporateLicense,OfficeKey,,,,,,
OfficeCorporateLicense,OfficeCorporateLicenseType,,,,,,
OfficeCorporateLicense,OfficeMlsId,,,,,,
OpenHouse,AppointmentRequiredYN,,,,1,3,344
OpenHouse,Listing,,,,,,
OpenHouse,ListingId,,,,65,222,344
OpenHouse,HistoryTransactional,,,,,,
OpenHouse,ListingKey,,,,89,306,344
OpenHouse,LivestreamOpenHouseURL,,,,19,67,344
OpenHouse,Media,,,,,,
OpenHouse,ModificationTimestamp,,,,76,262,344
OpenHouse,OpenHouseDate,,,,79,271,344
OpenHouse,OpenHouseAttendedBy,,,,1,5,344
OpenHouse,OpenHouseEndTime,,,,92,316,344
OpenHouse,OpenHouseKey,,,,90,310,344
OpenHouse,OpenHouseId,,,,47,162,344
OpenHouse,OpenHouseRemarks,,,,86,296,344
OpenHouse,OpenHouseStartTime,,,,92,315,344
OpenHouse,OpenHouseStatus,,,,47,160,344
OpenHouse,OpenHouseType,,,,46,157,344
OpenHouse,OriginatingSystem,,,,,,
OpenHouse,OriginalEntryTimestamp,,,,18,63,344
OpenHouse,OriginatingSystemKey,,,,46,158,344
OpenHouse,OriginatingSystemID,,,,34,116,344
OpenHouse,OriginatingSystemName,,,,58,200,344
OpenHouse,Refreshments,,,,18,63,344
OpenHouse,ShowingAgentFirstName,,,,10,33,344
OpenHouse,ShowingAgent,,,,,,
OpenHouse,ShowingAgentKey,,,,5,16,344
OpenHouse,ShowingAgentLastName,,,,9,32,344
OpenHouse,ShowingAgentMlsID,,,,24,81,344
OpenHouse,SocialMedia,,,,,,
OpenHouse,SourceSystemID,,,,24,82,344
OpenHouse,SourceSystem,,,,,,
OpenHouse,SourceSystemKey,,,,47,161,344
OpenHouse,SourceSystemName,,,,5,16,344
OtherPhone,ModificationTimestamp,,,,0,1,344
OtherPhone,ClassName,,,,,,
OtherPhone,OtherPhoneExt,,,,0,1,344
OtherPhone,HistoryTransactional,,,,,,
OtherPhone,OtherPhoneKey,,,,0,1,344
OtherPhone,OtherPhoneNumber,,,,0,1,344
OtherPhone,OtherPhoneType,,,,0,1,344
OtherPhone,ResourceName,,,,0,1,344
OtherPhone,ResourceRecordKey,,,,0,1,344
OtherPhone,ResourceRecordID,,,,0,1,344
OUID,ChangedByMemberID,,,,,,
OUID,ChangedByMember,,,,,,
OUID,ChangedByMemberKey,,,,,,
OUID,HistoryTransactional,,,,,,
OUID,Media,,,,,,
OUID,ModificationTimestamp,,,,0,1,344
OUID,OrganizationAOR,,,,,,
OUID,OrganizationAddress1,,,,0,1,344
OUID,OrganizationAddress2,,,,,,
OUID,OrganizationAorOuidKey,,,,,,
OUID,OrganizationAorOuid,,,,,,
OUID,OrganizationCarrierRoute,,,,,,
OUID,OrganizationComments,,,,,,
OUID,OrganizationCity,,,,0,1,344
OUID,OrganizationContactEmail,,,,,,
OUID,OrganizationContactFax,,,,,,
OUID,OrganizationContactFullName,,,,,,
OUID,OrganizationContactJobTitle,,,,,,
OUID,OrganizationContactFirstName,,,,,,
OUID,OrganizationContactNamePrefix,,,,,,
OUID,OrganizationContactLastName,,,,,,
OUID,OrganizationContactMiddleName,,,,,,
OUID,OrganizationContactPhone,,,,,,
OUID,OrganizationContactPhoneExt,,,,,,
OUID,OrganizationContactNameSuffix,,,,,,
OUID,OrganizationCountyOrParish,,,,,,
OUID,OrganizationCountry,,,,0,1,344
OUID,OrganizationMemberCount,,,,,,
OUID,OrganizationMlsVendorName,,,,,,
OUID,OrganizationMlsVendorOuid,,,,,,
OUID,OrganizationMlsCode,,,,,,
OUID,OrganizationName,,,,0,1,344
OUID,OrganizationPostalCode,,,,0,1,344
OUID,OrganizationNationalAssociationId,,,,,,
OUID,OrganizationPostalCodePlus4,,,,,,
OUID,OrganizationSocialMedia,,,,,,
OUID,OrganizationSocialMediaType,,,,,,
OUID,OrganizationStateLicense,,,,,,
OUID,OrganizationStateLicenseState,,,,,,
OUID,OrganizationStateOrProvince,,,,0,1,344
OUID,OrganizationStatus,,,,0,1,344
OUID,OrganizationStatusChangeTimestamp,,,,,,
OUID,OrganizationType,,,,,,
OUID,OrganizationUniqueId,,,,0,1,344
OUID,OriginalEntryTimestamp,,,,0,1,344
OUID,OrganizationUniqueIdKey,,,,0,1,344
PropertyPowerStorage,DateOfInstallation,,,,,,
PropertyPowerStorage,InformationSource,,,,,,
PropertyPowerStorage,ModificationTimestamp,,,,,,
PropertyPowerStorage,NameplateCapacity,,,,,,
PropertyPowerStorage,PowerStorageKey,,,,,,
PropertyPowerStorage,PowerStorageType,,,,,,
PropertyGreenVerification,GreenBuildingVerificationType,,,,2,6,344
PropertyGreenVerification,GreenBuildingVerificationKey,,,,2,7,344
PropertyGreenVerification,GreenVerificationBody,,,,1,3,344
PropertyGreenVerification,GreenVerificationRating,,,,1,5,344
PropertyGreenVerification,GreenVerificationMetric,,,,1,5,344
PropertyGreenVerification,GreenVerificationSource,,,,1,3,344
PropertyGreenVerification,GreenVerificationURL,,,,1,3,344
PropertyGreenVerification,GreenVerificationStatus,,,,1,5,344
PropertyGreenVerification,GreenVerificationYear,,,,1,5,344
PropertyGreenVerification,HistoryTransactional,,,,,,
PropertyGreenVerification,GreenVerificationVersion,,,,1,2,344
PropertyGreenVerification,ListingId,,,,1,5,344
PropertyGreenVerification,ListingKey,,,,2,7,344
PropertyGreenVerification,Listing,,,,,,
PropertyGreenVerification,ModificationTimestamp,,,,2,7,344
PropertyPowerProduction,HistoryTransactional,,,,,,
PropertyPowerProduction,ListingId,,,,1,5,344
PropertyPowerProduction,Listing,,,,,,
PropertyPowerProduction,ListingKey,,,,1,5,344
PropertyPowerProduction,ModificationTimestamp,,,,1,5,344
PropertyPowerProduction,PowerProductionAnnual,,,,,,
PropertyPowerProduction,PowerProductionKey,,,,1,4,344
PropertyPowerProduction,PowerProductionAnnualStatus,,,,,,
PropertyPowerProduction,PowerProductionOwnership,,,,1,4,344
PropertyPowerProduction,PowerProductionYearInstall,,,,,,
PropertyPowerProduction,PowerProductionSize,,,,,,
PropertyPowerProduction,PowerProductionType,,,,1,4,344
PropertyRooms,BedroomClosetType,,,,,,
PropertyRooms,HistoryTransactional,,,,,,
PropertyRooms,ListingId,,,,22,77,344
PropertyRooms,Listing,,,,,,
PropertyRooms,ListingKey,,,,24,81,344
PropertyRooms,ModificationTimestamp,,,,23,79,344
PropertyRooms,RoomAreaSource,,,,1,3,344
PropertyRooms,RoomArea,,,,8,28,344
PropertyRooms,RoomAreaUnits,,,,4,13,344
PropertyRooms,RoomDescription,,,,26,90,344
PropertyRooms,RoomFeatures,,,,16,56,344
PropertyRooms,RoomDimensions,,,,26,88,344
PropertyRooms,RoomKey,,,,36,125,344
PropertyRooms,RoomLengthWidthSource,,,,1,2,344
PropertyRooms,RoomLength,,,,26,89,344
PropertyRooms,RoomLevel,,,,33,112,344
PropertyRooms,RoomLengthWidthUnits,,,,2,7,344
PropertyRooms,RoomType,,,,36,124,344
PropertyRooms,RoomWidth,,,,26,89,344
PropertyUnitTypes,HistoryTransactional,,,,,,
PropertyUnitTypes,ListingId,,,,20,69,344
PropertyUnitTypes,ModificationTimestamp,,,,20,68,344
PropertyUnitTypes,Listing,,,,,,
PropertyUnitTypes,UnitTypeActualRent,,,,22,75,344
PropertyUnitTypes,ListingKey,,,,21,72,344
PropertyUnitTypes,UnitTypeBedsTotal,,,,23,78,344
PropertyUnitTypes,UnitTypeBathsTotal,,,,22,76,344
PropertyUnitTypes,UnitTypeDescription,,,,18,61,344
PropertyUnitTypes,UnitTypeFurnished,,,,5,18,344
PropertyUnitTypes,UnitTypeGarageAttachedYN,,,,1,4,344
PropertyUnitTypes,UnitTypeProForma,,,,1,4,344
PropertyUnitTypes,UnitTypeGarageSpaces,,,,3,10,344
PropertyUnitTypes,UnitTypeKey,,,,24,83,344
PropertyUnitTypes,UnitTypeTotalRent,,,,10,36,344
PropertyUnitTypes,UnitTypeType,,,,15,50,344
PropertyUnitTypes,UnitTypeUnitsTotal,,,,10,34,344
Prospecting,CcEmailList,,,,,,
Prospecting,ActiveYN,,,,,,
Prospecting,BccMeYN,,,,,,
Prospecting,ClientActivatedYN,,,,,,
Prospecting,BccEmailList,,,,,,
Prospecting,ConciergeNotificationsYN,,,,,,
Prospecting,Contact,,,,,,
Prospecting,ContactKey,,,,,,
Prospecting,ConciergeYN,,,,,,
Prospecting,DailySchedule,,,,,,
Prospecting,DisplayTemplateID,,,,,,
Prospecting,Language,,,,,,
Prospecting,LastNewChangedTimestamp,,,,,,
Prospecting,HistoryTransactional,,,,,,
Prospecting,LastViewedTimestamp,,,,,,
Prospecting,Media,,,,,,
Prospecting,MessageRevise,,,,,,
Prospecting,MessageNew,,,,,,
Prospecting,NextSendTimestamp,,,,,,
Prospecting,MessageUpdate,,,,,,
Prospecting,ModificationTimestamp,,,,0,1,344
Prospecting,OwnerMember,,,,,,
Prospecting,OwnerMemberKey,,,,,,
Prospecting,OwnerMemberID,,,,,,
Prospecting,ProspectingKey,,,,0,1,344
Prospecting,ReasonActiveOrDisabled,,,,,,
Prospecting,SavedSearch,,,,,,
Prospecting,SavedSearchKey,,,,,,
Prospecting,Subject,,,,,,
Prospecting,ToEmailList,,,,,,
Prospecting,ScheduleType,,,,,,
Queue,HistoryTransactional,,,,,,
Queue,ClassName,,,,,,
Queue,ModificationTimestamp,,,,,,
Queue,OriginatingSystemID,,,,,,
Queue,OriginatingSystemQueueKey,,,,,,
Queue,OriginatingSystem,,,,,,
Queue,QueueTransactionKey,,,,,,
Queue,OriginatingSystemName,,,,,,
Queue,ResourceName,,,,,,
Queue,QueueTransactionType,,,,,,
Queue,ResourceRecordKey,,,,,,
Queue,ResourceRecordID,,,,,,
Queue,SourceSystem,,,,,,
Queue,SourceSystemID,,,,,,
Queue,SourceSystemQueueKey,,,,,,
Queue,SourceSystemName,,,,,,
Rules,ClassName,,,,,,
Rules,FieldKey,,,,,,
Rules,HistoryTransactional,,,,,,
Rules,ModificationTimestamp,,,,,,
Rules,FieldName,,,,,,
Rules,OriginatingSystem,,,,,,
Rules,OriginalEntryTimestamp,,,,,,
Rules,OriginatingSystemID,,,,,,
Rules,OriginatingSystemRuleKey,,,,,,
Rules,OriginatingSystemName,,,,,,
Rules,RuleAction,,,,,,
Rules,ResourceName,,,,,,
Rules,RuleDescription,,,,,,
Rules,RuleEnabledYN,,,,,,
Rules,RuleErrorText,,,,,,
Rules,RuleExpression,,,,,,
Rules,RuleFormat,,,,,,
Rules,RuleHelpText,,,,,,
Rules,RuleKey,,,,,,
Rules,RuleOrder,,,,,,
Rules,RuleName,,,,,,
Rules,RuleType,,,,,,
Rules,RuleWarningText,,,,,,
Rules,RuleVersion,,,,,,
Rules,SourceSystem,,,,,,
Rules,SourceSystemID,,,,,,
Rules,SourceSystemName,,,,,,
Rules,SourceSystemHistoryKey,,,,,,
SavedSearch,ClassName,,,,,,
SavedSearch,HistoryTransactional,,,,,,
SavedSearch,Member,,,,,,
SavedSearch,MemberKey,,,,,,
SavedSearch,ModificationTimestamp,,,,0,1,344
SavedSearch,OriginalEntryTimestamp,,,,,,
SavedSearch,MemberMlsId,,,,,,
SavedSearch,OriginatingSystem,,,,,,
SavedSearch,OriginatingSystemID,,,,,,
SavedSearch,OriginatingSystemKey,,,,,,
SavedSearch,OriginatingSystemMemberKey,,,,,,
SavedSearch,OriginatingSystemName,,,,,,
SavedSearch,OriginatingSystemMemberName,,,,,,
SavedSearch,SavedSearchDescription,,,,,,
SavedSearch,ResourceName,,,,,,
SavedSearch,SavedSearchKey,,,,0,1,344
SavedSearch,SavedSearchName,,,,,,
SavedSearch,SavedSearchType,,,,,,
SavedSearch,SearchQuery,,,,,,
SavedSearch,SearchQueryExceptionDetails,,,,,,
SavedSearch,SearchQueryExceptions,,,,,,
SavedSearch,SearchQueryType,,,,,,
SavedSearch,SearchQueryHumanReadable,,,,,,
SavedSearch,SourceSystem,,,,,,
SavedSearch,SourceSystemID,,,,,,
SavedSearch,SourceSystemKey,,,,,,
SavedSearch,SourceSystemName,,,,,,
Showing,AgentOriginatingSystemID,,,,,,
Showing,AgentSourceSystemID,,,,,,
Showing,AgentSourceSystem,,,,,,
Showing,AgentOriginatingSystem,,,,,,
Showing,AgentOriginatingSystemName,,,,,,
Showing,AgentSourceSystemName,,,,,,
Showing,HistoryTransactional,,,,,,
Showing,Listing,,,,,,
Showing,ListingId,,,,,,
Showing,ListingOriginatingSystem,,,,,,
Showing,ListingKey,,,,,,
Showing,ListingOriginatingSystemName,,,,,,
Showing,ListingOriginatingSystemID,,,,,,
Showing,ListingSourceSystem,,,,,,
Showing,ListingSourceSystemID,,,,,,
Showing,ListingSourceSystemName,,,,,,
Showing,Media,,,,,,
Showing,ModificationTimestamp,,,,,,
Showing,OriginalEntryTimestamp,,,,,,
Showing,OriginatingSystemAgentKey,,,,,,
Showing,OriginatingSystemListingKey,,,,,,
Showing,OriginatingSystemShowingKey,,,,,,
Showing,ShowingAgent,,,,,,
Showing,ShowingAgentMlsID,,,,,,
Showing,ShowingAllowed,,,,,,
Showing,ShowingAgentKey,,,,,,
Showing,ShowingId,,,,,,
Showing,ShowingEndTimestamp,,,,,,
Showing,ShowingKey,,,,,,
Showing,ShowingOriginatingSystem,,,,,,
Showing,ShowingOriginatingSystemName,,,,,,
Showing,ShowingOriginatingSystemID,,,,,,
Showing,ShowingRequestedTimestamp,,,,,,
Showing,ShowingSourceSystem,,,,,,
Showing,ShowingSourceSystemID,,,,,,
Showing,ShowingSourceSystemName,,,,,,
Showing,ShowingStartTimestamp,,,,,,
Showing,ShowingStatus,,,,,,
Showing,ShowingUrl,,,,,,
Showing,ShowingTimeZone,,,,,,
Showing,SocialMedia,,,,,,
Showing,SourceSystemAgentKey,,,,,,
ShowingAppointment,ShowingAgentKey,,,,,,
Showing,SourceSystemShowingKey,,,,,,
ShowingAppointment,ShowingAppointmentDate,,,,,,
ShowingAppointment,ShowingAgentMlsId,,,,,,
ShowingAppointment,ModificationTimestamp,,,,,,
ShowingAppointment,ShowingAppointmentEndTime,,,,,,
ShowingAppointment,ShowingAppointmentId,,,,,,
ShowingAppointment,ShowingAppointmentMethod,,,,,,
ShowingAppointment,ShowingAppointmentKey,,,,,,
ShowingAppointment,ShowingAppointmentStartTime,,,,,,
Showing,SourceSystemListingKey,,,,,,
ShowingAppointment,ShowingAppointmentStatus,,,,,,
ShowingAppointment,ShowingKey,,,,,,
ShowingAvailability,ModificationTimestamp,,,,,,
ShowingAppointment,ShowingId,,,,,,
ShowingAvailability,ShowingAvailabilityKey,,,,,,
ShowingAvailability,ShowingId,,,,,,
ShowingAvailability,ShowingDate,,,,,,
ShowingAvailability,ShowingAvailableStartTime,,,,,,
ShowingAvailability,ShowingMaximumDuration,,,,,,
ShowingAvailability,ShowingAvailableEndTime,,,,,,
ShowingAvailability,ShowingMethod,,,,,,
ShowingAvailability,ShowingKey,,,,,,
ShowingAvailability,UniqueOrganizationIdentifier,,,,,,
ShowingRequest,ModificationTimestamp,,,,,,
ShowingAvailability,ShowingMinimumDuration,,,,,,
ShowingAvailability,UniversalPropertyId,,,,,,
ShowingRequest,ShowingAgentKey,,,,,,
ShowingRequest,ShowingId,,,,,,
ShowingRequest,ShowingAgentMlsId,,,,,,
ShowingRequest,ShowingMethodRequest,,,,,,
ShowingRequest,ShowingKey,,,,,,
ShowingRequest,ShowingRequestDuration,,,,,,
ShowingRequest,ShowingRequestDate,,,,,,
ShowingRequest,ShowingRequestedTimestamp,,,,,,
ShowingRequest,ShowingRequestId,,,,,,
ShowingRequest,ShowingRequestKey,,,,,,
ShowingRequest,ShowingRequestEndTime,,,,,,
ShowingRequest,ShowingRequestedDate,,,,,,
ShowingRequest,ShowingRequestNotes,,,,,,
ShowingRequest,ShowingRequestStartTime,,,,,,
ShowingRequest,ShowingRequestor,,,,,,
ShowingRequest,ShowingRequestType,,,,,,
SocialMedia,ClassName,,,,0,1,344
SocialMedia,DisplayName,,,,8,26,344
SocialMedia,ModificationTimestamp,,,,1,2,344
SocialMedia,HistoryTransactional,,,,,,
SocialMedia,ResourceName,,,,1,2,344
SocialMedia,ResourceRecordKey,,,,1,2,344
SocialMedia,SocialMediaUrlOrId,,,,8,28,344
SocialMedia,SocialMediaKey,,,,8,28,344
SocialMedia,ResourceRecordID,,,,1,2,344
TeamMembers,HistoryTransactional,,,,,,
TeamMembers,MemberKey,,,,0,1,344
SocialMedia,SocialMediaType,,,,8,28,344
TeamMembers,MemberMlsId,,,,0,1,344
TeamMembers,MemberLoginId,,,,0,1,344
TeamMembers,Member,,,,,,
TeamMembers,ModificationTimestamp,,,,0,1,344
TeamMembers,OriginalEntryTimestamp,,,,0,1,344
TeamMembers,OriginatingSystemID,,,,,,
TeamMembers,OriginatingSystem,,,,,,
TeamMembers,OriginatingSystemKey,,,,0,1,344
TeamMembers,OriginatingSystemName,,,,,,
TeamMembers,TeamImpersonationLevel,,,,0,1,344
TeamMembers,SourceSystemID,,,,,,
TeamMembers,SourceSystem,,,,,,
TeamMembers,TeamMemberKey,,,,0,1,344
TeamMembers,SourceSystemKey,,,,0,1,344
TeamMembers,TeamKey,,,,0,1,344
TeamMembers,TeamMemberStateLicense,,,,,,
Teams,HistoryTransactional,,,,,,
TeamMembers,SourceSystemName,,,,0,1,344
TeamMembers,TeamMemberNationalAssociationId,,,,,,
Teams,Media,,,,,,
TeamMembers,TeamMemberType,,,,0,1,344
Teams,ModificationTimestamp,,,,1,2,344
Teams,OriginalEntryTimestamp,,,,0,1,344
Teams,OriginatingSystem,,,,,,
Teams,OriginatingSystemID,,,,,,
Teams,OriginatingSystemKey,,,,0,1,344
Teams,SocialMediaType,,,,,,
Teams,OriginatingSystemName,,,,0,1,344
Teams,TeamAddress1,,,,0,1,344
Teams,SourceSystemID,,,,0,1,344
Teams,TeamCity,,,,0,1,344
Teams,SourceSystem,,,,,,
Teams,TeamAddress2,,,,0,1,344
Teams,TeamCarrierRoute,,,,,,
Teams,TeamCountry,,,,,,
Teams,SourceSystemKey,,,,,,
Teams,TeamCountyOrParish,,,,,,
Teams,SourceSystemName,,,,,,
Teams,TeamDescription,,,,,,
Teams,TeamDirectPhone,,,,0,1,344
Teams,TeamEmail,,,,0,1,344
Teams,TeamFax,,,,,,
Teams,TeamKey,,,,1,2,344
Teams,TeamLead,,,,,,
Teams,TeamLeadKey,,,,,,
Teams,TeamLeadLoginId,,,,0,1,344
Teams,TeamLeadMlsId,,,,0,1,344
Teams,TeamLeadNationalAssociationId,,,,,,
Teams,TeamLeadStateLicense,,,,,,
Teams,TeamMobilePhone,,,,0,1,344
Teams,TeamName,,,,0,1,344
Teams,TeamOfficePhoneExt,,,,,,
Teams,TeamLeadStateLicenseState,,,,,,
Teams,TeamPostalCode,,,,0,1,344
Teams,TeamOfficePhone,,,,,,
Teams,TeamPostalCodePlus4,,,,,,
Teams,TeamPreferredPhone,,,,,,
Teams,TeamPreferredPhoneExt,,,,,,
Teams,TeamsSocialMedia,,,,,,
Teams,TeamStatus,,,,0,1,344
Teams,TeamTollFreePhone,,,,,,
Teams,TeamStateOrProvince,,,,0,1,344
Teams,TeamVoiceMail,,,,,,
TransactionManagement,TransactionId,,,,,,
TransactionManagement,TransactionType,,,,,,
TransactionManagement,TransactionKey,,,,,,
TransactionManagement,ModificationTimestamp,,,,,,
Teams,TeamVoiceMailExt,,,,,,
